<OutOfBrowserSettings ShortName="AdvanceFeaturesDemoApp Application" EnableGPUAcceleration="False" ShowInstallMenuItem="True">
  <OutOfBrowserSettings.Blurb>AdvanceFeaturesDemoApp Application on your desktop; at home, at work or on the go.</OutOfBrowserSettings.Blurb>
  <OutOfBrowserSettings.WindowSettings>
    <WindowSettings Title="AdvanceFeaturesDemoApp Application" />
  </OutOfBrowserSettings.WindowSettings>
  <OutOfBrowserSettings.SecuritySettings>
    <SecuritySettings ElevatedPermissions="Required" />
  </OutOfBrowserSettings.SecuritySettings>
  <OutOfBrowserSettings.Icons>
    <Icon Size="16,16">Assets/icons/16x.png</Icon>
    <Icon Size="32,32">Assets/icons/32x.png</Icon>
    <Icon Size="48,48">Assets/icons/64x.png</Icon>
    <Icon Size="128,128">Assets/icons/128x.png</Icon>
  </OutOfBrowserSettings.Icons>
</OutOfBrowserSettings>