<?xml version="1.0" encoding="UTF-8"?><?xml-stylesheet type='text/xsl' href='_UpgradeReport_Files/UpgradeReport.xslt'?><UpgradeLog>
<Properties><Property Name="Solution" Value="chapter5Socket">
</Property><Property Name="Solution File" Value="C:\Users\aghoda\Documents\Books\Accelerated Silverlight 4\Source\Chapter 5\chapter5Socket\chapter5Socket.sln">
</Property><Property Name="Date" Value="Sunday, February 21, 2010">
</Property><Property Name="Time" Value="13:47:26 PM">
</Property><Property Name="Log Number" Value="2">
</Property></Properties><Event ErrorLevel="0" Project="MessengerServer" Source="..\..\..\..\Accelerated Silverlight 3\UpdatedSourcewithRTM\Accelerated SL3\chapter4Socket\MessengerServer\MessengerServer.csproj" Description="Project file successfully backed up as C:\Users\aghoda\Documents\Books\Accelerated Silverlight 4\Source\Chapter 5\chapter5Socket\Backup1\MessengerServer.csproj">
</Event><Event ErrorLevel="0" Project="MessengerServer" Source="..\..\..\..\Accelerated Silverlight 3\UpdatedSourcewithRTM\Accelerated SL3\chapter4Socket\MessengerServer\MessengerConnection.cs" Description="File successfully backed up as C:\Users\aghoda\Documents\Books\Accelerated Silverlight 4\Source\Chapter 5\chapter5Socket\Backup1\MessengerConnection.cs">
</Event><Event ErrorLevel="0" Project="MessengerServer" Source="..\..\..\..\Accelerated Silverlight 3\UpdatedSourcewithRTM\Accelerated SL3\chapter4Socket\MessengerServer\MessengerServer.cs" Description="File successfully backed up as C:\Users\aghoda\Documents\Books\Accelerated Silverlight 4\Source\Chapter 5\chapter5Socket\Backup1\MessengerServer.cs">
</Event><Event ErrorLevel="0" Project="MessengerServer" Source="..\..\..\..\Accelerated Silverlight 3\UpdatedSourcewithRTM\Accelerated SL3\chapter4Socket\MessengerServer\Program.cs" Description="File successfully backed up as C:\Users\aghoda\Documents\Books\Accelerated Silverlight 4\Source\Chapter 5\chapter5Socket\Backup1\Program.cs">
</Event><Event ErrorLevel="0" Project="MessengerServer" Source="..\..\..\..\Accelerated Silverlight 3\UpdatedSourcewithRTM\Accelerated SL3\chapter4Socket\MessengerServer\Properties\AssemblyInfo.cs" Description="File successfully backed up as C:\Users\aghoda\Documents\Books\Accelerated Silverlight 4\Source\Chapter 5\chapter5Socket\Backup1\Properties\AssemblyInfo.cs">
</Event><Event ErrorLevel="0" Project="MessengerServer" Source="..\..\..\..\Accelerated Silverlight 3\UpdatedSourcewithRTM\Accelerated SL3\chapter4Socket\MessengerServer\MessengerServer.csproj" Description="Project converted successfully">
</Event><Event ErrorLevel="3" Project="MessengerServer" Source="..\..\..\..\Accelerated Silverlight 3\UpdatedSourcewithRTM\Accelerated SL3\chapter4Socket\MessengerServer\MessengerServer.csproj" Description="Converted">
</Event><Event ErrorLevel="0" Project="MessengerServer" Source="..\..\..\..\Accelerated Silverlight 3\UpdatedSourcewithRTM\Accelerated SL3\chapter4Socket\MessengerServer\MessengerServer.csproj" Description="Scan complete: Upgrade not required for project files.">
</Event></UpgradeLog>