<?xml version="1.0" encoding="UTF-8"?><?xml-stylesheet type='text/xsl' href='_UpgradeReport_Files/UpgradeReport.xslt'?><UpgradeLog>
<Properties><Property Name="Solution" Value="chapter5Socket">
</Property><Property Name="Solution File" Value="C:\Users\aghoda\Documents\Books\Accelerated Silverlight 4\Source\Chapter 5\chapter5Socket\chapter5Socket.sln">
</Property><Property Name="Date" Value="Sunday, February 21, 2010">
</Property><Property Name="Time" Value="13:47:02 PM">
</Property></Properties><Event ErrorLevel="0" Project="PolicyServer" Source="..\..\..\..\Accelerated Silverlight 3\UpdatedSourcewithRTM\Accelerated SL3\chapter4Socket\PolicyServer\PolicyServer.csproj" Description="Project file successfully backed up as C:\Users\aghoda\Documents\Books\Accelerated Silverlight 4\Source\Chapter 5\chapter5Socket\Backup\PolicyServer.csproj">
</Event><Event ErrorLevel="0" Project="PolicyServer" Source="..\..\..\..\Accelerated Silverlight 3\UpdatedSourcewithRTM\Accelerated SL3\chapter4Socket\PolicyServer\Program.cs" Description="File successfully backed up as C:\Users\aghoda\Documents\Books\Accelerated Silverlight 4\Source\Chapter 5\chapter5Socket\Backup\Program.cs">
</Event><Event ErrorLevel="0" Project="PolicyServer" Source="..\..\..\..\Accelerated Silverlight 3\UpdatedSourcewithRTM\Accelerated SL3\chapter4Socket\PolicyServer\Properties\AssemblyInfo.cs" Description="File successfully backed up as C:\Users\aghoda\Documents\Books\Accelerated Silverlight 4\Source\Chapter 5\chapter5Socket\Backup\Properties\AssemblyInfo.cs">
</Event><Event ErrorLevel="0" Project="PolicyServer" Source="..\..\..\..\Accelerated Silverlight 3\UpdatedSourcewithRTM\Accelerated SL3\chapter4Socket\PolicyServer\SocketPolicyConnection.cs" Description="File successfully backed up as C:\Users\aghoda\Documents\Books\Accelerated Silverlight 4\Source\Chapter 5\chapter5Socket\Backup\SocketPolicyConnection.cs">
</Event><Event ErrorLevel="0" Project="PolicyServer" Source="..\..\..\..\Accelerated Silverlight 3\UpdatedSourcewithRTM\Accelerated SL3\chapter4Socket\PolicyServer\SocketPolicyServer.cs" Description="File successfully backed up as C:\Users\aghoda\Documents\Books\Accelerated Silverlight 4\Source\Chapter 5\chapter5Socket\Backup\SocketPolicyServer.cs">
</Event><Event ErrorLevel="0" Project="PolicyServer" Source="..\..\..\..\Accelerated Silverlight 3\UpdatedSourcewithRTM\Accelerated SL3\chapter4Socket\PolicyServer\App.config" Description="File successfully backed up as C:\Users\aghoda\Documents\Books\Accelerated Silverlight 4\Source\Chapter 5\chapter5Socket\Backup\App.config">
</Event><Event ErrorLevel="0" Project="PolicyServer" Source="..\..\..\..\Accelerated Silverlight 3\UpdatedSourcewithRTM\Accelerated SL3\chapter4Socket\PolicyServer\SocketClientAccessPolicy.xml" Description="File successfully backed up as C:\Users\aghoda\Documents\Books\Accelerated Silverlight 4\Source\Chapter 5\chapter5Socket\Backup\SocketClientAccessPolicy.xml">
</Event><Event ErrorLevel="0" Project="PolicyServer" Source="..\..\..\..\Accelerated Silverlight 3\UpdatedSourcewithRTM\Accelerated SL3\chapter4Socket\PolicyServer\PolicyServer.csproj" Description="Project converted successfully">
</Event><Event ErrorLevel="3" Project="PolicyServer" Source="..\..\..\..\Accelerated Silverlight 3\UpdatedSourcewithRTM\Accelerated SL3\chapter4Socket\PolicyServer\PolicyServer.csproj" Description="Converted">
</Event><Event ErrorLevel="0" Project="PolicyServer" Source="..\..\..\..\Accelerated Silverlight 3\UpdatedSourcewithRTM\Accelerated SL3\chapter4Socket\PolicyServer\PolicyServer.csproj" Description="Scan complete: Upgrade not required for project files.">
</Event></UpgradeLog>