﻿<?xml version="1.0" encoding="utf-8"?>
<Collection MaxLevel="8" TileSize="256" Format="jpg" NextItemId="8" ServerFormat="Default" xmlns="http://schemas.microsoft.com/deepzoom/2009">
  <Items>
    <I Id="0" N="0" Source="/dzc_output_images/chrysanthemum.xml">
      <Size Width="1024" Height="768" />
      <Viewport Width="1.0000000000000002" X="-1.4639499253339797E-16" Y="-0" />
    </I>
    <I Id="1" N="1" Source="/dzc_output_images/desert.xml">
      <Size Width="1024" Height="768" />
      <Viewport Width="3.4335031126202606" X="-1.1744010564044534" Y="-0.91256366723259918" />
    </I>
    <I Id="2" N="2" Source="/dzc_output_images/hydrangeas.xml">
      <Size Width="1024" Height="768" />
      <Viewport Width="3.6402" X="-0.24510000000000126" Y="-0.21750000000000125" />
    </I>
    <I Id="3" N="3" Source="/dzc_output_images/jellyfish.xml">
      <Size Width="1024" Height="768" />
      <Viewport Width="3.6402" X="-2.3053000000000017" Y="-0.21750000000000125" />
    </I>
    <I Id="4" N="4" Source="/dzc_output_images/koala.xml">
      <Size Width="1024" Height="768" />
      <Viewport Width="3.43350311262026" X="-0" Y="-0.91256366723259863" />
    </I>
    <I Id="5" N="5" Source="/dzc_output_images/lighthouse.xml">
      <Size Width="1024" Height="768" />
      <Viewport Width="3.6402" X="-0.24510000000000126" Y="-1.7626500000000107" />
    </I>
    <I Id="6" N="6" Source="/dzc_output_images/tulips.xml">
      <Size Width="1024" Height="768" />
      <Viewport Width="3.6402" X="-2.3053000000000017" Y="-1.7626500000000114" />
    </I>
    <I Id="7" N="7" Source="/dzc_output_images/penguins.xml">
      <Size Width="1024" Height="768" />
      <Viewport Width="3.4335031126202629" X="-2.4335031126202629" Y="-0.91256366723259963" />
    </I>
  </Items>
</Collection>