<?xml version="1.0"?>
<SceneGraph version="1">
  <AspectRatio>1.33333333333333</AspectRatio>
  <SceneNode>
    <FileName>C:\Users\aghoda\Documents\Books\Accelerated Silverlight 4\Source\Chatper 4\DeepZoomSample\Source Images\chrysanthemum.jpg</FileName>
    <x>1.46394992533398E-16</x>
    <y>0</y>
    <Width>1</Width>
    <Height>1</Height>
    <ZOrder>1</ZOrder>
  </SceneNode>
  <SceneNode>
    <FileName>C:\Users\aghoda\Documents\Books\Accelerated Silverlight 4\Source\Chatper 4\DeepZoomSample\Source Images\desert.jpg</FileName>
    <x>0.342041646063403</x>
    <y>0.354376133179495</y>
    <Width>0.291247733641009</Width>
    <Height>0.291247733641007</Height>
    <ZOrder>2</ZOrder>
  </SceneNode>
  <SceneNode>
    <FileName>C:\Users\aghoda\Documents\Books\Accelerated Silverlight 4\Source\Chatper 4\DeepZoomSample\Source Images\hydrangeas.jpg</FileName>
    <x>0.0673314653041045</x>
    <y>0.0796659524201968</y>
    <Width>0.274710180759299</Width>
    <Height>0.274710180759298</Height>
    <ZOrder>3</ZOrder>
  </SceneNode>
  <SceneNode>
    <FileName>C:\Users\aghoda\Documents\Books\Accelerated Silverlight 4\Source\Chatper 4\DeepZoomSample\Source Images\jellyfish.jpg</FileName>
    <x>0.633289379704412</x>
    <y>0.0796659524201968</y>
    <Width>0.274710180759299</Width>
    <Height>0.274710180759298</Height>
    <ZOrder>4</ZOrder>
  </SceneNode>
  <SceneNode>
    <FileName>C:\Users\aghoda\Documents\Books\Accelerated Silverlight 4\Source\Chatper 4\DeepZoomSample\Source Images\koala.jpg</FileName>
    <x>0</x>
    <y>0.354376133179495</y>
    <Width>0.291247733641009</Width>
    <Height>0.291247733641007</Height>
    <ZOrder>5</ZOrder>
  </SceneNode>
  <SceneNode>
    <FileName>C:\Users\aghoda\Documents\Books\Accelerated Silverlight 4\Source\Chatper 4\DeepZoomSample\Source Images\lighthouse.jpg</FileName>
    <x>0.0673314653041045</x>
    <y>0.645623866820506</y>
    <Width>0.274710180759299</Width>
    <Height>0.274710180759298</Height>
    <ZOrder>6</ZOrder>
  </SceneNode>
  <SceneNode>
    <FileName>C:\Users\aghoda\Documents\Books\Accelerated Silverlight 4\Source\Chatper 4\DeepZoomSample\Source Images\tulips.jpg</FileName>
    <x>0.633289379704412</x>
    <y>0.645623866820506</y>
    <Width>0.274710180759299</Width>
    <Height>0.274710180759298</Height>
    <ZOrder>7</ZOrder>
  </SceneNode>
  <SceneNode>
    <FileName>C:\Users\aghoda\Documents\Books\Accelerated Silverlight 4\Source\Chatper 4\DeepZoomSample\Source Images\penguins.jpg</FileName>
    <x>0.708752266358991</x>
    <y>0.354376133179495</y>
    <Width>0.291247733641009</Width>
    <Height>0.291247733641007</Height>
    <ZOrder>8</ZOrder>
  </SceneNode>
</SceneGraph>