<?xml version="1.0" encoding="UTF-8"?>
<response success="1">
<game>
  <about>Become a gardener and guide each seed to its planting hole. But if you want a bumper crop, you'll need to plan ahead and find the most efficient route.</about>
  <id type="integer">36</id>
  <name>Route to Sprout</name>
  <feature_icon_url>/admin_assets/126/original/thumb_lrg_routetosprout.jpg</feature_icon_url>
  <icon_url>/admin_assets/127/original/thumb_md_routetosprout.jpg</icon_url>
  <small_icon_url>/admin_assets/128/original/thumb_sm_routetosprout.jpg</small_icon_url>
  <flash_asset_filename>routetosprout_game.swf</flash_asset_filename>
  <resources_path>/resources/games/36/3/</resources_path>
  <to_param>route-to-sprout</to_param>
  <bpi_able>false</bpi_able>
  <high_score></high_score>
  <user_settings>&lt;num_trials&gt;1&lt;/num_trials&gt;&lt;time&gt;45&lt;/time&gt;&lt;level&gt;1&lt;/level&gt;</user_settings>
  <primary_brain_attribute>
    <name>Planning</name>
    <to_param>planning</to_param>
  </primary_brain_attribute>
</game>
</response>
